[
  {
    "Date": "09-Jan-2017",
    "NoOfDays": "1",
    "Reason": "Not feeling well"    
  },
  {
   "Date": "17-Jan-2017",
    "NoOfDays": "1",
    "Reason": "Not feeling well"    
  },
  {
   "Date": "21-Jan-2017",
    "NoOfDays": "1",
    "Reason": "Not feeling well"    
  },
  {
   "Date": "27-Jan-2017",
    "NoOfDays": "1",
    "Reason": "Not feeling well"      
  },
  {
   "Date": "12-Feb-2017",
    "NoOfDays": "1",
    "Reason": "Not feeling well"      
  },
  {
    "Date": "27-Feb-2017",
    "NoOfDays": "1",
    "Reason": "Not feeling well"      
  },{
    "Date": "02-Mar-2017",
    "NoOfDays": "1",
    "Reason": "Not feeling well"           
  },   
  {
   "Date": "22-Mar-2017",
    "NoOfDays": "1",
    "Reason": "Not feeling well"      
  },
  {
    "Date": "07-Apr-2017",
    "NoOfDays": "1",
    "Reason": "Not feeling well"      
  },{
    "Date": "21-Apr-2017",
    "NoOfDays": "1",
    "Reason": "Not feeling well"           
  } 
]